Obs_ID,Respondent_ID,Market,Actor_type,Species_code,Unit,Pair_ID,Buy_status,Buy_BDT_kg,Buy_outlier_flag,Sell_status,Sell_BDT_kg,Sell_outlier_flag,Quantity_kg
PO-0001,M1-A-01,M1,Aratdar,S10,Maund,,value,155.41,,value,163.45,,44.78
PO-0002,M1-A-01,M1,Aratdar,S02,Maund,,value,1098.61,,value,1158.9,,48.52
PO-0003,M1-A-01,M1,Aratdar,S06,Maund,,value,314.84,,value,328.24,,82.1
PO-0004,M1-A-01,M1,Aratdar,S05,Maund,PAIR-M1-03,value,388.53,,value,408.63,,52.25
PO-0005,M1-A-01,M1,Aratdar,S07,Maund,,value,368.44,,value,375.13,YES,85.84
PO-0006,M1-A-02,M1,Aratdar,S02,Maund,,value,1118.7,,value,1145.5,,141.82
PO-0007,M1-A-02,M1,Aratdar,S01,Maund,,value,1105.31,,value,1152.2,,93.3
PO-0008,M1-A-02,M1,Aratdar,S06,Maund,,value,314.84,,value,328.24,,85.84
PO-0009,M1-A-02,M1,Aratdar,S10,Maund,,value,158.09,,D,,,134.35
PO-0010,M1-A-02,M1,Aratdar,S09,Maund,,value,182.21,,value,190.25,,149.28
PO-0011,M1-A-03,M1,Aratdar,S10,Maund,,value,155.41,,value,163.45,,216.46
PO-0012,M1-A-03,M1,Aratdar,S04,Maund,,value,622.99,,value,649.79,,279.9
PO-0013,M1-A-03,M1,Aratdar,S05,Maund,,value,395.23,,value,408.63,,175.4
PO-0014,M1-A-03,M1,Aratdar,S06,Maund,,value,314.84,,value,328.24,,302.29
PO-0015,M1-A-03,M1,Aratdar,S02,Maund,,value,1098.61,,value,1145.5,,231.38
PO-0016,M1-A-04,M1,Aratdar,S08,Maund,,value,233.12,,value,246.52,,70.91
PO-0017,M1-A-04,M1,Aratdar,S05,Maund,,value,395.23,,value,408.63,,67.18
PO-0018,M1-A-04,M1,Aratdar,S10,Maund,,value,158.09,,value,163.45,,29.86
PO-0019,M1-A-04,M1,Aratdar,S03,Maund,,value,743.57,,value,777.06,,67.18
PO-0020,M1-A-04,M1,Aratdar,S06,Maund,PAIR-M1-01,value,314.84,,value,328.24,,41.05
PO-0021,M1-A-04,M1,Aratdar,S04,,,K,,,K,,,
PO-0022,M1-A-04,M1,Aratdar,S02,,,K,,,K,,,
PO-0023,M1-A-05,M1,Aratdar,S01,Maund,,value,1112.0,,value,1158.9,,138.08
PO-0024,M1-A-05,M1,Aratdar,S06,Maund,,value,314.84,,value,328.24,,70.91
PO-0025,M1-A-05,M1,Aratdar,S08,Maund,,value,235.8,,D,,,82.1
PO-0026,M1-A-05,M1,Aratdar,S02,Maund,PAIR-M1-02,value,1091.91,,value,1158.9,,67.18
PO-0027,M1-A-05,M1,Aratdar,S09,Maund,,value,182.21,,value,190.25,,141.82
PO-0028,M1-B-01,M1,Bepari_Faria,S07,Maund,,value,375.13,,value,435.42,,97.03
PO-0029,M1-B-01,M1,Bepari_Faria,S01,Maund,,value,1158.9,,value,1319.67,,78.37
PO-0030,M1-B-01,M1,Bepari_Faria,S05,Maund,,value,401.93,,value,468.92,,74.64
PO-0031,M1-B-01,M1,Bepari_Faria,S09,Maund,,value,187.57,,value,222.4,,97.03
PO-0032,M1-B-01,M1,Bepari_Faria,S06,Maund,,value,328.24,,value,381.83,,74.64
PO-0033,M1-B-01,M1,Bepari_Faria,S03,,,K,,,K,,,
PO-0034,M1-B-01,M1,Bepari_Faria,S10,,,K,,,K,,,
PO-0035,M1-B-02,M1,Bepari_Faria,S10,Maund,,value,158.09,,D,,,11.2
PO-0036,M1-B-02,M1,Bepari_Faria,S05,Maund,,value,395.23,,value,475.62,,11.2
PO-0037,M1-B-02,M1,Bepari_Faria,S09,Maund,,value,182.21,,value,217.04,,7.46
PO-0038,M1-B-02,M1,Bepari_Faria,S02,Maund,,value,1098.61,,value,1266.08,,7.46
PO-0039,M1-B-02,M1,Bepari_Faria,S07,Maund,,value,361.74,,value,422.03,,7.46
PO-0040,M1-B-03,M1,Bepari_Faria,S04,Maund,,value,622.99,,value,730.17,,26.12
PO-0041,M1-B-03,M1,Bepari_Faria,S09,Maund,,value,187.57,,value,217.04,,22.39
PO-0042,M1-B-03,M1,Bepari_Faria,S06,Maund,,value,314.84,,value,361.74,,33.59
PO-0043,M1-B-03,M1,Bepari_Faria,S10,Maund,,value,155.41,,value,182.21,,29.86
PO-0044,M1-B-03,M1,Bepari_Faria,S07,Maund,,value,368.44,,value,415.33,,22.39
PO-0045,M1-B-03,M1,Bepari_Faria,S05,,,K,,,K,,,
PO-0046,M1-B-04,M1,Bepari_Faria,S01,Maund,,value,1165.59,,value,1299.57,,82.1
PO-0047,M1-B-04,M1,Bepari_Faria,S02,Maund,,value,1152.2,,value,1279.47,,70.91
PO-0048,M1-B-04,M1,Bepari_Faria,S10,Maund,,value,163.45,,value,182.21,,70.91
PO-0049,M1-B-04,M1,Bepari_Faria,S05,Maund,,value,408.63,,value,448.82,,70.91
PO-0050,M1-B-04,M1,Bepari_Faria,S08,Maund,,value,246.52,,value,274.65,,48.52
PO-0051,M1-B-04,M1,Bepari_Faria,S06,,,K,,,K,,,
PO-0052,M1-B-04,M1,Bepari_Faria,S03,,,K,,,K,,,
PO-0053,M1-B-05,M1,Bepari_Faria,S01,Maund,,value,1098.61,,value,1279.47,,11.2
PO-0054,M1-B-05,M1,Bepari_Faria,S05,Maund,,value,395.23,,value,475.62,,7.46
PO-0055,M1-B-05,M1,Bepari_Faria,S06,Maund,,value,321.54,,value,368.44,,11.2
PO-0056,M1-B-05,M1,Bepari_Faria,S03,Maund,,value,743.57,,value,870.85,,11.2
PO-0057,M1-B-05,M1,Bepari_Faria,S04,Maund,,value,629.69,,value,716.77,,11.2
PO-0058,M1-B-05,M1,Bepari_Faria,S02,,,K,,,K,,,
PO-0059,M1-B-05,M1,Bepari_Faria,S08,,,K,,,K,,,
PO-0060,M1-R-01,M1,Khuchra,S10,Kg,,value,165.0,,value,225.0,,15.0
PO-0061,M1-R-01,M1,Khuchra,S03,Kg,,value,785.0,,value,1050.0,,15.0
PO-0062,M1-R-01,M1,Khuchra,S05,Kg,PAIR-M1-03,value,410.0,,value,545.0,,20.0
PO-0063,M1-R-01,M1,Khuchra,S02,Kg,,value,1155.0,,value,1535.0,,15.0
PO-0064,M1-R-01,M1,Khuchra,S06,Kg,,value,330.0,,value,425.0,,15.0
PO-0065,M1-R-02,M1,Khuchra,S01,Kg,,value,1165.0,,value,1540.0,,15.0
PO-0066,M1-R-02,M1,Khuchra,S04,Kg,,value,650.0,,value,880.0,,15.0
PO-0067,M1-R-02,M1,Khuchra,S09,Kg,,value,190.0,,value,260.0,,10.0
PO-0068,M1-R-02,M1,Khuchra,S06,Kg,,value,330.0,,value,430.0,,10.0
PO-0069,M1-R-02,M1,Khuchra,S03,Kg,,value,785.0,,value,1065.0,,5.0
PO-0070,M1-R-02,M1,Khuchra,S02,,,K,,,K,,,
PO-0071,M1-R-03,M1,Khuchra,S07,Kg,,value,380.0,,value,505.0,,20.0
PO-0072,M1-R-03,M1,Khuchra,S09,Kg,,value,190.0,,K,,,20.0
PO-0073,M1-R-03,M1,Khuchra,S02,Kg,,value,1160.0,,value,1535.0,,20.0
PO-0074,M1-R-03,M1,Khuchra,S06,Kg,PAIR-M1-01,value,330.0,,value,435.0,,20.0
PO-0075,M1-R-03,M1,Khuchra,S01,Kg,,value,1155.0,,value,1500.0,,20.0
PO-0076,M1-R-04,M1,Khuchra,S10,Kg,,value,175.0,,value,225.0,,15.0
PO-0077,M1-R-04,M1,Khuchra,S02,Kg,PAIR-M1-02,value,1160.0,,value,1475.0,,25.0
PO-0078,M1-R-04,M1,Khuchra,S08,Kg,,value,260.0,,value,330.0,,25.0
PO-0079,M1-R-04,M1,Khuchra,S07,Kg,,value,400.0,,value,500.0,,15.0
PO-0080,M1-R-04,M1,Khuchra,S09,Kg,,value,200.0,,value,255.0,,20.0
PO-0081,M1-R-05,M1,Khuchra,S09,Kg,,value,200.0,,K,,,15.0
PO-0082,M1-R-05,M1,Khuchra,S06,Kg,,value,350.0,,value,435.0,,15.0
PO-0083,M1-R-05,M1,Khuchra,S05,Kg,,value,440.0,,K,,,15.0
PO-0084,M1-R-05,M1,Khuchra,S10,Kg,,value,180.0,,value,220.0,,15.0
PO-0085,M1-R-05,M1,Khuchra,S03,Kg,,value,840.0,,value,1045.0,,20.0
PO-0086,M2-A-01,M2,Aratdar,S06,Maund,,value,341.64,,value,355.04,,190.33
PO-0087,M2-A-01,M2,Aratdar,S01,Maund,,value,1152.2,,value,1205.79,,167.94
PO-0088,M2-A-01,M2,Aratdar,S09,Maund,,value,195.61,,value,203.64,,119.42
PO-0089,M2-A-01,M2,Aratdar,S03,Maund,,value,750.27,,value,783.76,,123.16
PO-0090,M2-A-01,M2,Aratdar,S04,,,K,,,K,,,
PO-0091,M2-A-01,M2,Aratdar,S05,,,K,,,K,,,
PO-0092,M2-A-02,M2,Aratdar,S10,Maund,,value,166.13,,value,174.17,,138.08
PO-0093,M2-A-02,M2,Aratdar,S07,Maund,,value,381.83,,D,,,145.55
PO-0094,M2-A-02,M2,Aratdar,S05,Maund,,value,422.03,,D,,,126.89
PO-0095,M2-A-02,M2,Aratdar,S02,Maund,,value,1219.19,,value,1266.08,,156.74
PO-0096,M2-A-02,M2,Aratdar,S03,Maund,,value,756.97,,value,790.46,,134.35
PO-0097,M2-A-02,M2,Aratdar,S08,,,K,,,K,,,
PO-0098,M2-A-03,M2,Aratdar,S01,Maund,,value,1145.5,,D,,,123.16
PO-0099,M2-A-03,M2,Aratdar,S09,Maund,PAIR-M2-01,value,195.61,,value,203.64,,164.21
PO-0100,M2-A-03,M2,Aratdar,S06,Maund,,value,341.64,,value,355.04,,145.55
PO-0101,M2-A-03,M2,Aratdar,S08,Maund,,value,243.84,,value,251.88,,167.94
PO-0102,M2-A-03,M2,Aratdar,S04,,,K,,,K,,,
PO-0103,M2-A-03,M2,Aratdar,S07,,,K,,,K,,,
PO-0104,M2-A-04,M2,Aratdar,S07,Maund,,value,388.53,,value,401.93,,44.78
PO-0105,M2-A-04,M2,Aratdar,S02,Maund,,value,1219.19,,value,1266.08,,67.18
PO-0106,M2-A-04,M2,Aratdar,S08,Maund,,value,243.84,,value,251.88,,48.52
PO-0107,M2-A-04,M2,Aratdar,S01,Maund,,value,1158.9,,value,1212.49,,59.71
PO-0108,M2-A-04,M2,Aratdar,S03,Maund,PAIR-M2-02,value,763.67,,value,783.76,,55.98
PO-0109,M2-A-05,M2,Aratdar,S04,Maund,,value,656.48,,value,683.28,,186.6
PO-0110,M2-A-05,M2,Aratdar,S05,Maund,,value,415.33,,value,435.42,,276.17
PO-0111,M2-A-05,M2,Aratdar,S02,Maund,,value,1225.88,,value,1266.08,,186.6
PO-0112,M2-A-05,M2,Aratdar,S07,Maund,,value,381.83,,value,401.93,,309.76
PO-0113,M2-A-05,M2,Aratdar,S08,Maund,,value,241.16,,value,251.88,,201.53
PO-0114,M2-A-05,M2,Aratdar,S01,,,K,,,K,,,
PO-0115,M2-B-01,M2,Bepari_Faria,S07,Maund,,value,381.83,,value,442.12,,59.71
PO-0116,M2-B-01,M2,Bepari_Faria,S10,Maund,,value,168.81,,value,190.25,,52.25
PO-0117,M2-B-01,M2,Bepari_Faria,S05,Maund,,value,422.03,,value,502.41,,44.78
PO-0118,M2-B-01,M2,Bepari_Faria,S01,Maund,,value,1172.29,,value,1373.26,,26.12
PO-0119,M2-B-01,M2,Bepari_Faria,S09,Maund,,value,192.93,,value,225.08,,26.12
PO-0120,M2-B-01,M2,Bepari_Faria,S06,,,K,,,K,,,
PO-0121,M2-B-02,M2,Bepari_Faria,S03,Maund,,value,756.97,,value,877.55,,48.52
PO-0122,M2-B-02,M2,Bepari_Faria,S07,Maund,,value,381.83,,value,448.82,,59.71
PO-0123,M2-B-02,M2,Bepari_Faria,S05,Maund,,value,422.03,,value,489.01,,59.71
PO-0124,M2-B-02,M2,Bepari_Faria,S04,Maund,,value,649.79,,value,756.97,,67.18
PO-0125,M2-B-02,M2,Bepari_Faria,S06,Maund,,value,341.64,,value,388.53,,33.59
PO-0126,M2-B-02,M2,Bepari_Faria,S09,,,K,,,K,,,
PO-0127,M2-B-03,M2,Bepari_Faria,S07,Maund,,value,388.53,,value,462.22,,11.2
PO-0128,M2-B-03,M2,Bepari_Faria,S01,Maund,,value,1172.29,,value,1373.26,,7.46
PO-0129,M2-B-03,M2,Bepari_Faria,S05,Maund,,value,422.03,,value,502.41,,11.2
PO-0130,M2-B-03,M2,Bepari_Faria,S03,Maund,,value,763.67,,value,897.64,,11.2
PO-0131,M2-B-03,M2,Bepari_Faria,S02,,,K,,,K,,,
PO-0132,M2-B-04,M2,Bepari_Faria,S08,Maund,,value,243.84,,value,274.65,,7.46
PO-0133,M2-B-04,M2,Bepari_Faria,S03,Maund,,value,763.67,,value,897.64,,11.2
PO-0134,M2-B-04,M2,Bepari_Faria,S05,Maund,,value,415.33,,value,482.32,,7.46
PO-0135,M2-B-04,M2,Bepari_Faria,S10,Maund,,value,168.81,,value,198.29,,7.46
PO-0136,M2-B-04,M2,Bepari_Faria,S06,Maund,,value,341.64,,value,408.63,,11.2
PO-0137,M2-B-05,M2,Bepari_Faria,S08,Maund,,value,238.48,,value,288.05,,119.42
PO-0138,M2-B-05,M2,Bepari_Faria,S09,Maund,,value,192.93,,value,227.76,,85.84
PO-0139,M2-B-05,M2,Bepari_Faria,S04,Maund,,value,656.48,,value,770.36,,78.37
PO-0140,M2-B-05,M2,Bepari_Faria,S02,Maund,,value,1225.88,,value,1400.05,,59.71
PO-0141,M2-R-01,M2,Khuchra,S05,Kg,,value,485.0,,value,575.0,,10.0
PO-0142,M2-R-01,M2,Khuchra,S01,Kg,,value,1325.0,,value,1620.0,,15.0
PO-0143,M2-R-01,M2,Khuchra,S03,Kg,,value,875.0,,value,1065.0,,15.0
PO-0144,M2-R-01,M2,Khuchra,S09,Kg,,value,225.0,,value,270.0,,10.0
PO-0145,M2-R-01,M2,Khuchra,S10,Kg,,value,190.0,YES,value,230.0,,10.0
PO-0146,M2-R-02,M2,Khuchra,S03,Kg,PAIR-M2-02,value,785.0,,value,1070.0,,15.0
PO-0147,M2-R-02,M2,Khuchra,S05,Kg,,value,480.0,,value,580.0,,25.0
PO-0148,M2-R-02,M2,Khuchra,S04,Kg,,value,745.0,,value,910.0,,25.0
PO-0149,M2-R-02,M2,Khuchra,S06,Kg,,value,405.0,YES,value,470.0,,15.0
PO-0150,M2-R-02,M2,Khuchra,S01,Kg,,value,1290.0,,value,1620.0,,25.0
PO-0151,M2-R-03,M2,Khuchra,S05,Kg,,value,455.0,,value,585.0,,25.0
PO-0152,M2-R-03,M2,Khuchra,S07,Kg,,value,435.0,,value,525.0,,20.0
PO-0153,M2-R-03,M2,Khuchra,S04,Kg,,value,745.0,,value,910.0,,20.0
PO-0154,M2-R-03,M2,Khuchra,S03,Kg,,value,830.0,,value,1065.0,,25.0
PO-0155,M2-R-03,M2,Khuchra,S09,Kg,PAIR-M2-01,value,205.0,,value,265.0,,25.0
PO-0156,M2-R-04,M2,Khuchra,S03,Kg,,value,790.0,,value,1080.0,,25.0
PO-0157,M2-R-04,M2,Khuchra,S10,Kg,,value,175.0,,value,230.0,,15.0
PO-0158,M2-R-04,M2,Khuchra,S04,Kg,,value,685.0,,value,930.0,,20.0
PO-0159,M2-R-04,M2,Khuchra,S06,Kg,,value,355.0,,value,470.0,,20.0
PO-0160,M2-R-04,M2,Khuchra,S02,Kg,,value,1265.0,,value,1675.0,,25.0
PO-0161,M2-R-05,M2,Khuchra,S05,Kg,,value,435.0,,value,575.0,,15.0
PO-0162,M2-R-05,M2,Khuchra,S06,Kg,,value,360.0,,value,455.0,,10.0
PO-0163,M2-R-05,M2,Khuchra,S08,Kg,,value,255.0,,value,340.0,,15.0
PO-0164,M2-R-05,M2,Khuchra,S03,Kg,,value,790.0,,value,1090.0,YES,15.0
PO-0165,M2-R-05,M2,Khuchra,S07,Kg,,value,400.0,,value,540.0,,20.0
PO-0166,M2-R-05,M2,Khuchra,S02,,,K,,,K,,,
PO-0167,M2-R-05,M2,Khuchra,S04,,,K,,,K,,,
PO-0168,M3-A-01,M3,Aratdar,S01,Maund,,value,1172.29,,value,1225.88,,164.21
PO-0169,M3-A-01,M3,Aratdar,S06,Maund,,value,328.24,,value,334.94,,160.48
PO-0170,M3-A-01,M3,Aratdar,S05,Maund,,value,442.12,,value,462.22,,268.7
PO-0171,M3-A-01,M3,Aratdar,S07,Maund,,value,408.63,,value,428.72,,153.01
PO-0172,M3-A-01,M3,Aratdar,S02,Maund,,value,1219.19,,value,1279.47,,153.01
PO-0173,M3-A-01,M3,Aratdar,S10,,,K,,,K,,,
PO-0174,M3-A-01,M3,Aratdar,S09,,,K,,,K,,,
PO-0175,M3-A-02,M3,Aratdar,S01,Maund,,value,1165.59,,value,1225.88,,52.25
PO-0176,M3-A-02,M3,Aratdar,S02,Maund,,value,1212.49,,value,1272.78,,48.52
PO-0177,M3-A-02,M3,Aratdar,S06,Maund,,value,321.54,,value,341.64,,37.32
PO-0178,M3-A-02,M3,Aratdar,S07,Maund,,value,408.63,,value,422.03,,70.91
PO-0179,M3-A-02,M3,Aratdar,S08,Maund,,value,259.91,YES,value,267.95,YES,70.91
PO-0180,M3-A-03,M3,Aratdar,S09,Maund,,value,192.93,,value,200.96,,82.1
PO-0181,M3-A-03,M3,Aratdar,S07,Maund,,value,408.63,,value,422.03,,100.76
PO-0182,M3-A-03,M3,Aratdar,S03,Maund,,value,756.97,,value,797.16,,89.57
PO-0183,M3-A-03,M3,Aratdar,S02,Maund,,value,1205.79,,value,1272.78,,74.64
PO-0184,M3-A-03,M3,Aratdar,S06,Maund,,value,321.54,,value,341.64,,126.89
PO-0185,M3-A-04,M3,Aratdar,S06,Maund,,value,321.54,,value,341.64,,343.34
PO-0186,M3-A-04,M3,Aratdar,S05,Maund,PAIR-M3-01,value,442.12,,value,462.22,,246.31
PO-0187,M3-A-04,M3,Aratdar,S01,Maund,,value,1172.29,,value,1212.49,,242.58
PO-0188,M3-A-04,M3,Aratdar,S02,Maund,,value,1212.49,,value,1259.38,,223.92
PO-0189,M3-A-05,M3,Aratdar,S01,Maund,PAIR-M3-02,value,1178.99,,value,1232.58,,212.72
PO-0190,M3-A-05,M3,Aratdar,S02,Maund,,value,1212.49,,value,1279.47,,317.22
PO-0191,M3-A-05,M3,Aratdar,S06,Maund,,value,328.24,,value,341.64,,279.9
PO-0192,M3-A-05,M3,Aratdar,S09,Maund,,value,192.93,,value,203.64,,313.49
PO-0193,M3-A-05,M3,Aratdar,S05,,,K,,,K,,,
PO-0194,M3-B-01,M3,Bepari_Faria,S08,Maund,,value,274.65,YES,value,308.15,,74.64
PO-0195,M3-B-01,M3,Bepari_Faria,S10,Maund,,value,174.17,,value,200.96,,33.59
PO-0196,M3-B-01,M3,Bepari_Faria,S01,Maund,,value,1219.19,,value,1346.46,,55.98
PO-0197,M3-B-01,M3,Bepari_Faria,S06,Maund,,value,341.64,,value,375.13,,82.1
PO-0198,M3-B-01,M3,Bepari_Faria,S03,Maund,,value,803.86,,value,884.24,,59.71
PO-0199,M3-B-02,M3,Bepari_Faria,S06,Maund,,value,334.94,,value,388.53,,52.25
PO-0200,M3-B-02,M3,Bepari_Faria,S08,Maund,,value,267.95,,value,308.15,,52.25
PO-0201,M3-B-02,M3,Bepari_Faria,S01,Maund,,value,1219.19,,value,1413.45,,37.32
PO-0202,M3-B-02,M3,Bepari_Faria,S09,Maund,,value,203.64,,value,225.08,,37.32
PO-0203,M3-B-02,M3,Bepari_Faria,S02,Maund,,value,1266.08,,value,1453.64,,37.32
PO-0204,M3-B-02,M3,Bepari_Faria,S07,,,K,,,K,,,
PO-0205,M3-B-03,M3,Bepari_Faria,S07,Maund,,value,415.33,,value,462.22,,37.32
PO-0206,M3-B-03,M3,Bepari_Faria,S02,Maund,,value,1212.49,,value,1420.15,,74.64
PO-0207,M3-B-03,M3,Bepari_Faria,S09,Maund,,value,195.61,,value,225.08,,63.44
PO-0208,M3-B-03,M3,Bepari_Faria,S06,Maund,,value,328.24,,D,,,55.98
PO-0209,M3-B-03,M3,Bepari_Faria,S05,Maund,,D,,,value,509.11,,78.37
PO-0210,M3-B-03,M3,Bepari_Faria,S08,,,K,,,K,,,
PO-0211,M3-B-03,M3,Bepari_Faria,S04,,,K,,,K,,,
PO-0212,M3-B-04,M3,Bepari_Faria,S03,Maund,,value,797.16,,value,890.94,,33.59
PO-0213,M3-B-04,M3,Bepari_Faria,S02,Maund,,value,1279.47,,value,1400.05,,22.39
PO-0214,M3-B-04,M3,Bepari_Faria,S05,Maund,,value,455.52,,value,509.11,,26.12
PO-0215,M3-B-04,M3,Bepari_Faria,S07,Maund,,value,422.03,,value,489.01,,33.59
PO-0216,M3-B-04,M3,Bepari_Faria,S04,Maund,,value,723.47,,value,830.65,,29.86
PO-0217,M3-B-05,M3,Bepari_Faria,S01,Maund,,value,1178.99,,value,1413.45,,37.32
PO-0218,M3-B-05,M3,Bepari_Faria,S05,Maund,,value,448.82,,value,509.11,,37.32
PO-0219,M3-B-05,M3,Bepari_Faria,S03,Maund,,value,777.06,,value,870.85,,22.39
PO-0220,M3-B-05,M3,Bepari_Faria,S06,Maund,,value,328.24,,value,375.13,,29.86
PO-0221,M3-B-05,M3,Bepari_Faria,S08,,,K,,,K,,,
PO-0222,M3-R-01,M3,Khuchra,S01,Kg,,value,1220.0,,value,1615.0,,30.0
PO-0223,M3-R-01,M3,Khuchra,S09,Kg,,value,205.0,,value,265.0,,20.0
PO-0224,M3-R-01,M3,Khuchra,S03,Kg,,value,795.0,,value,1065.0,,30.0
PO-0225,M3-R-01,M3,Khuchra,S02,Kg,,value,1260.0,,value,1700.0,,30.0
PO-0226,M3-R-01,M3,Khuchra,S07,Kg,,value,430.0,,value,560.0,,20.0
PO-0227,M3-R-01,M3,Khuchra,S06,,,K,,,K,,,
PO-0228,M3-R-02,M3,Khuchra,S03,Kg,,value,805.0,,value,1060.0,,15.0
PO-0229,M3-R-02,M3,Khuchra,S01,Kg,,value,1225.0,,value,1655.0,,10.0
PO-0230,M3-R-02,M3,Khuchra,S02,Kg,,value,1270.0,,K,,,10.0
PO-0231,M3-R-02,M3,Khuchra,S05,Kg,,value,460.0,,value,635.0,,15.0
PO-0232,M3-R-02,M3,Khuchra,S09,Kg,,value,205.0,,value,270.0,,15.0
PO-0233,M3-R-03,M3,Khuchra,S03,Kg,,value,875.0,,value,1070.0,,5.0
PO-0234,M3-R-03,M3,Khuchra,S05,Kg,PAIR-M3-01,value,460.0,,value,620.0,,5.0
PO-0235,M3-R-03,M3,Khuchra,S02,Kg,,value,1445.0,YES,value,1740.0,,5.0
PO-0236,M3-R-03,M3,Khuchra,S06,Kg,,value,380.0,,value,455.0,,10.0
PO-0237,M3-R-03,M3,Khuchra,S08,Kg,,value,295.0,YES,value,355.0,,10.0
PO-0238,M3-R-04,M3,Khuchra,S01,Maund,,value,1225.88,,value,1634.51,,18.66
PO-0239,M3-R-04,M3,Khuchra,S02,Maund,,value,1279.47,,K,,,14.93
PO-0240,M3-R-04,M3,Khuchra,S07,Maund,,value,428.72,,value,582.8,,22.39
PO-0241,M3-R-04,M3,Khuchra,S10,Maund,,value,176.85,,value,227.76,,11.2
PO-0242,M3-R-04,M3,Khuchra,S06,Maund,,value,341.64,,value,462.22,,14.93
PO-0243,M3-R-05,M3,Khuchra,S01,Kg,PAIR-M3-02,value,1230.0,,value,1670.0,,15.0
PO-0244,M3-R-05,M3,Khuchra,S03,Kg,,value,870.0,,value,1070.0,,15.0
PO-0245,M3-R-05,M3,Khuchra,S04,Kg,,value,795.0,,value,955.0,,20.0
PO-0246,M3-R-05,M3,Khuchra,S06,Kg,,value,375.0,,value,460.0,,20.0
PO-0247,M3-R-05,M3,Khuchra,S05,Kg,,value,515.0,,value,630.0,,20.0
PO-0248,M4-A-01,M4,Aratdar,S10,Maund,,value,160.77,,value,168.81,,182.87
PO-0249,M4-A-01,M4,Aratdar,S01,Maund,,value,1125.4,,value,1178.99,,216.46
PO-0250,M4-A-01,M4,Aratdar,S02,Maund,,value,1125.4,,value,1178.99,,201.53
PO-0251,M4-A-01,M4,Aratdar,S07,Maund,,value,395.23,,value,415.33,,324.68
PO-0252,M4-A-01,M4,Aratdar,S06,Maund,,value,321.54,,value,341.64,,216.46
PO-0253,M4-A-02,M4,Aratdar,S03,Maund,,value,777.06,,value,810.56,,194.06
PO-0254,M4-A-02,M4,Aratdar,S10,Maund,,value,160.77,,value,168.81,,164.21
PO-0255,M4-A-02,M4,Aratdar,S09,Maund,PAIR-M4-03,value,187.57,,value,198.29,,145.55
PO-0256,M4-A-02,M4,Aratdar,S08,Maund,,value,246.52,,value,259.91,,130.62
PO-0257,M4-A-03,M4,Aratdar,S07,Maund,,value,388.53,,value,415.33,,171.67
PO-0258,M4-A-03,M4,Aratdar,S06,Maund,,value,321.54,,value,334.94,,220.19
PO-0259,M4-A-03,M4,Aratdar,S04,Maund,,value,663.18,,value,696.68,,130.62
PO-0260,M4-A-03,M4,Aratdar,S02,Maund,,value,1132.1,,value,1178.99,,179.14
PO-0261,M4-A-03,M4,Aratdar,S08,Maund,PAIR-M4-02,value,246.52,,value,257.23,,242.58
PO-0262,M4-A-04,M4,Aratdar,S06,Maund,,value,321.54,,value,341.64,,141.82
PO-0263,M4-A-04,M4,Aratdar,S07,Maund,,value,395.23,,value,415.33,,130.62
PO-0264,M4-A-04,M4,Aratdar,S05,Maund,,value,422.03,,value,448.82,,153.01
PO-0265,M4-A-04,M4,Aratdar,S04,Maund,,value,669.88,,value,696.68,,89.57
PO-0266,M4-A-04,M4,Aratdar,S02,Maund,,value,1145.5,,value,1192.39,,126.89
PO-0267,M4-A-05,M4,Aratdar,S03,Maund,,value,777.06,,value,817.26,,74.64
PO-0268,M4-A-05,M4,Aratdar,S08,Maund,,value,249.2,,value,257.23,,78.37
PO-0269,M4-A-05,M4,Aratdar,S09,Maund,,value,187.57,,value,195.61,,93.3
PO-0270,M4-A-05,M4,Aratdar,S01,Maund,PAIR-M4-01,value,1118.7,,value,1165.59,,63.44
PO-0271,M4-A-05,M4,Aratdar,S02,Maund,,value,1132.1,,value,1185.69,,74.64
PO-0272,M4-B-01,M4,Bepari_Faria,S05,Maund,,value,448.82,,value,509.11,,33.59
PO-0273,M4-B-01,M4,Bepari_Faria,S01,Maund,,value,1152.2,,value,1279.47,,37.32
PO-0274,M4-B-01,M4,Bepari_Faria,S04,Maund,,value,703.38,,D,,,22.39
PO-0275,M4-B-01,M4,Bepari_Faria,S06,Maund,,D,,,value,388.53,,37.32
PO-0276,M4-B-01,M4,Bepari_Faria,S02,Maund,,value,1172.29,,value,1312.97,,29.86
PO-0277,M4-B-01,M4,Bepari_Faria,S07,,,K,,,K,,,
PO-0278,M4-B-01,M4,Bepari_Faria,S10,,,K,,,K,,,
PO-0279,M4-B-02,M4,Bepari_Faria,S06,Maund,,value,328.24,,value,375.13,,52.25
PO-0280,M4-B-02,M4,Bepari_Faria,S05,Maund,,value,435.42,,value,509.11,,63.44
PO-0281,M4-B-02,M4,Bepari_Faria,S07,Maund,,value,401.93,,value,462.22,,29.86
PO-0282,M4-B-02,M4,Bepari_Faria,S01,Maund,,value,1112.0,,value,1306.27,,29.86
PO-0283,M4-B-02,M4,Bepari_Faria,S03,Maund,,value,783.76,,value,924.44,,29.86
PO-0284,M4-B-03,M4,Bepari_Faria,S04,Maund,,value,676.58,,value,797.16,,67.18
PO-0285,M4-B-03,M4,Bepari_Faria,S07,Maund,,value,395.23,,value,462.22,,78.37
PO-0286,M4-B-03,M4,Bepari_Faria,S06,Maund,,value,328.24,,value,381.83,,63.44
PO-0287,M4-B-03,M4,Bepari_Faria,S03,Maund,,value,777.06,,value,924.44,,48.52
PO-0288,M4-B-03,M4,Bepari_Faria,S02,Maund,,value,1125.4,,value,1359.86,,48.52
PO-0289,M4-B-04,M4,Bepari_Faria,S08,Maund,,value,249.2,,D,,,11.2
PO-0290,M4-B-04,M4,Bepari_Faria,S06,Maund,,value,328.24,,value,381.83,,7.46
PO-0291,M4-B-04,M4,Bepari_Faria,S01,Maund,,value,1138.8,,value,1299.57,,7.46
PO-0292,M4-B-04,M4,Bepari_Faria,S05,Maund,,value,435.42,,value,502.41,,11.2
PO-0293,M4-B-04,M4,Bepari_Faria,S09,Maund,,value,187.57,,value,219.72,,7.46
PO-0294,M4-B-05,M4,Bepari_Faria,S06,Maund,,value,321.54,,value,381.83,,63.44
PO-0295,M4-B-05,M4,Bepari_Faria,S02,Maund,,value,1138.8,,value,1353.16,,37.32
PO-0296,M4-B-05,M4,Bepari_Faria,S01,Maund,,value,1112.0,,value,1306.27,,55.98
PO-0297,M4-B-05,M4,Bepari_Faria,S10,Maund,,value,160.77,,value,195.61,,44.78
PO-0298,M4-B-05,M4,Bepari_Faria,S09,Maund,,value,190.25,,value,225.08,,41.05
PO-0299,M4-R-01,M4,Khuchra,S08,Kg,PAIR-M4-02,value,255.0,,value,360.0,,10.0
PO-0300,M4-R-01,M4,Khuchra,S09,Kg,,value,210.0,,value,265.0,,5.0
PO-0301,M4-R-01,M4,Khuchra,S02,Kg,,value,1290.0,,value,1510.0,,10.0
PO-0302,M4-R-01,M4,Khuchra,S10,Kg,,value,185.0,,value,230.0,,10.0
PO-0303,M4-R-01,M4,Khuchra,S06,Kg,,value,365.0,,value,435.0,,10.0
PO-0304,M4-R-02,M4,Khuchra,S02,Maund,,value,1178.99,,D,,,11.2
PO-0305,M4-R-02,M4,Khuchra,S05,Maund,,D,,,value,576.1,,18.66
PO-0306,M4-R-02,M4,Khuchra,S04,Maund,,value,696.68,,value,951.23,,11.2
PO-0307,M4-R-02,M4,Khuchra,S01,Maund,,value,1172.29,,value,1554.13,,18.66
PO-0308,M4-R-02,M4,Khuchra,S03,Maund,,value,817.26,,value,1065.11,,18.66
PO-0309,M4-R-03,M4,Khuchra,S02,Kg,,value,1185.0,,value,1535.0,,25.0
PO-0310,M4-R-03,M4,Khuchra,S05,Kg,,value,450.0,,value,585.0,,30.0
PO-0311,M4-R-03,M4,Khuchra,S06,Kg,,value,340.0,,value,440.0,,15.0
PO-0312,M4-R-03,M4,Khuchra,S07,Kg,,value,415.0,,value,560.0,,25.0
PO-0313,M4-R-03,M4,Khuchra,S01,Kg,,value,1175.0,,value,1585.0,,15.0
PO-0314,M4-R-03,M4,Khuchra,S08,,,K,,,K,,,
PO-0315,M4-R-04,M4,Khuchra,S09,Kg,PAIR-M4-03,value,200.0,,value,265.0,,10.0
PO-0316,M4-R-04,M4,Khuchra,S08,Kg,,value,275.0,YES,value,350.0,,15.0
PO-0317,M4-R-04,M4,Khuchra,S02,Kg,,value,1260.0,,value,1530.0,,5.0
PO-0318,M4-R-04,M4,Khuchra,S07,Kg,,value,440.0,,value,565.0,,10.0
PO-0319,M4-R-04,M4,Khuchra,S04,Kg,,value,720.0,,value,940.0,,10.0
PO-0320,M4-R-04,M4,Khuchra,S10,,,K,,,K,,,
PO-0321,M4-R-04,M4,Khuchra,S06,,,K,,,K,,,
PO-0322,M4-R-05,M4,Khuchra,S02,Kg,,value,1185.0,,value,1520.0,,15.0
PO-0323,M4-R-05,M4,Khuchra,S01,Kg,PAIR-M4-01,value,1165.0,,value,1580.0,,10.0
PO-0324,M4-R-05,M4,Khuchra,S05,Kg,,value,445.0,,value,600.0,,25.0
PO-0325,M4-R-05,M4,Khuchra,S10,Kg,,value,170.0,,value,235.0,,15.0
PO-0326,M4-R-05,M4,Khuchra,S06,Kg,,value,340.0,,K,,,25.0
PO-0327,M5-A-01,M5,Aratdar,S02,Maund,,value,1205.79,,value,1252.68,,93.3
PO-0328,M5-A-01,M5,Aratdar,S01,Maund,,value,1212.49,,value,1266.08,,85.84
PO-0329,M5-A-01,M5,Aratdar,S10,Maund,,value,166.13,,value,174.17,,108.23
PO-0330,M5-A-01,M5,Aratdar,S07,Maund,,value,388.53,,value,408.63,,111.96
PO-0331,M5-A-01,M5,Aratdar,S03,Maund,,value,817.26,,value,857.45,,70.91
PO-0332,M5-A-02,M5,Aratdar,S08,Maund,,value,243.84,,value,257.23,,123.16
PO-0333,M5-A-02,M5,Aratdar,S01,Maund,,value,1205.79,,value,1272.78,,130.62
PO-0334,M5-A-02,M5,Aratdar,S04,Maund,,value,669.88,,value,696.68,,167.94
PO-0335,M5-A-02,M5,Aratdar,S07,Maund,,value,388.53,,value,408.63,,108.23
PO-0336,M5-A-02,M5,Aratdar,S03,Maund,,value,817.26,,value,844.05,,134.35
PO-0337,M5-A-02,M5,Aratdar,S10,,,K,,,K,,,
PO-0338,M5-A-03,M5,Aratdar,S07,Maund,,value,395.23,,value,408.63,,194.06
PO-0339,M5-A-03,M5,Aratdar,S08,Maund,,value,246.52,,value,257.23,,190.33
PO-0340,M5-A-03,M5,Aratdar,S09,Maund,PAIR-M5-03,value,200.96,,value,209.0,,194.06
PO-0341,M5-A-03,M5,Aratdar,S05,Maund,,value,448.82,,value,475.62,,138.08
PO-0342,M5-A-03,M5,Aratdar,S06,Maund,,value,328.24,,value,341.64,,119.42
PO-0343,M5-A-04,M5,Aratdar,S01,Maund,,value,1205.79,,value,1279.47,,186.6
PO-0344,M5-A-04,M5,Aratdar,S07,Maund,,value,395.23,,D,,,182.87
PO-0345,M5-A-04,M5,Aratdar,S02,Maund,PAIR-M5-02,value,1192.39,,value,1259.38,,134.35
PO-0346,M5-A-04,M5,Aratdar,S05,Maund,,value,455.52,,value,475.62,,156.74
PO-0347,M5-A-04,M5,Aratdar,S04,Maund,,value,669.88,,value,696.68,,246.31
PO-0348,M5-A-05,M5,Aratdar,S07,Maund,,value,388.53,,D,,,70.91
PO-0349,M5-A-05,M5,Aratdar,S02,Maund,,value,1205.79,,value,1266.08,,89.57
PO-0350,M5-A-05,M5,Aratdar,S08,Maund,PAIR-M5-01,value,243.84,,value,254.56,,93.3
PO-0351,M5-A-05,M5,Aratdar,S01,Maund,,value,1219.19,,value,1272.78,,145.55
PO-0352,M5-A-05,M5,Aratdar,S06,Maund,,value,328.24,,value,341.64,,78.37
PO-0353,M5-B-01,M5,Bepari_Faria,S03,Maund,,value,810.56,,value,931.14,,44.78
PO-0354,M5-B-01,M5,Bepari_Faria,S06,Maund,,value,328.24,,value,395.23,,67.18
PO-0355,M5-B-01,M5,Bepari_Faria,S02,Maund,,value,1219.19,,value,1433.55,,55.98
PO-0356,M5-B-01,M5,Bepari_Faria,S01,Maund,,value,1205.79,,value,1400.05,,89.57
PO-0357,M5-B-01,M5,Bepari_Faria,S04,Maund,,value,663.18,,value,763.67,,63.44
PO-0358,M5-B-02,M5,Bepari_Faria,S10,Maund,,value,174.17,,value,190.25,,26.12
PO-0359,M5-B-02,M5,Bepari_Faria,S01,Maund,,value,1286.17,,D,,,29.86
PO-0360,M5-B-02,M5,Bepari_Faria,S06,Maund,,D,,,value,395.23,,18.66
PO-0361,M5-B-02,M5,Bepari_Faria,S03,Maund,,value,844.05,,value,957.93,,26.12
PO-0362,M5-B-02,M5,Bepari_Faria,S05,Maund,,value,468.92,,D,,,14.93
PO-0363,M5-B-02,M5,Bepari_Faria,S02,,,K,,,K,,,
PO-0364,M5-B-02,M5,Bepari_Faria,S07,,,K,,,K,,,
PO-0365,M5-B-03,M5,Bepari_Faria,S05,Maund,,value,448.82,,value,535.91,,11.2
PO-0366,M5-B-03,M5,Bepari_Faria,S03,Maund,,value,823.95,,value,924.44,,18.66
PO-0367,M5-B-03,M5,Bepari_Faria,S10,Maund,,value,166.13,,value,192.93,,11.2
PO-0368,M5-B-03,M5,Bepari_Faria,S01,Maund,,value,1225.88,,value,1433.55,,18.66
PO-0369,M5-B-03,M5,Bepari_Faria,S04,Maund,,value,676.58,,value,777.06,,14.93
PO-0370,M5-B-03,M5,Bepari_Faria,S09,,,K,,,K,,,
PO-0371,M5-B-04,M5,Bepari_Faria,S10,Maund,,value,174.17,,value,195.61,,89.57
PO-0372,M5-B-04,M5,Bepari_Faria,S06,Maund,,value,341.64,,value,375.13,,41.05
PO-0373,M5-B-04,M5,Bepari_Faria,S02,Maund,,value,1245.98,,value,1386.66,,78.37
PO-0374,M5-B-04,M5,Bepari_Faria,S03,Maund,,value,837.35,,value,931.14,,41.05
PO-0375,M5-B-04,M5,Bepari_Faria,S07,Maund,,value,408.63,,value,448.82,,97.03
PO-0376,M5-B-05,M5,Bepari_Faria,S03,Maund,,value,844.05,,value,944.53,,48.52
PO-0377,M5-B-05,M5,Bepari_Faria,S05,Maund,,value,468.92,,value,542.6,,22.39
PO-0378,M5-B-05,M5,Bepari_Faria,S10,Maund,,value,179.53,,value,190.25,,41.05
PO-0379,M5-B-05,M5,Bepari_Faria,S07,Maund,,value,422.03,,value,462.22,,29.86
PO-0380,M5-R-01,M5,Khuchra,S01,Kg,,value,1280.0,,value,1710.0,,15.0
PO-0381,M5-R-01,M5,Khuchra,S08,Kg,PAIR-M5-01,value,255.0,,value,345.0,,5.0
PO-0382,M5-R-01,M5,Khuchra,S05,Kg,,value,470.0,,value,635.0,,5.0
PO-0383,M5-R-01,M5,Khuchra,S02,Kg,,value,1255.0,,value,1665.0,,15.0
PO-0384,M5-R-01,M5,Khuchra,S07,Kg,,value,405.0,,value,570.0,,10.0
PO-0385,M5-R-02,M5,Khuchra,S10,Maund,,value,174.17,,value,219.72,,11.2
PO-0386,M5-R-02,M5,Khuchra,S01,Maund,,value,1279.47,,value,1768.49,,11.2
PO-0387,M5-R-02,M5,Khuchra,S02,Maund,,value,1259.38,,K,,,7.46
PO-0388,M5-R-02,M5,Khuchra,S04,Maund,,value,689.98,,value,904.34,,3.73
PO-0389,M5-R-02,M5,Khuchra,S06,Maund,,value,341.64,,value,442.12,,7.46
PO-0390,M5-R-02,M5,Khuchra,S03,,,K,,,K,,,
PO-0391,M5-R-03,M5,Khuchra,S07,Kg,,value,410.0,,value,560.0,,20.0
PO-0392,M5-R-03,M5,Khuchra,S06,Kg,,value,345.0,,value,445.0,,25.0
PO-0393,M5-R-03,M5,Khuchra,S05,Kg,,value,475.0,,value,630.0,,25.0
PO-0394,M5-R-03,M5,Khuchra,S01,Kg,,value,1285.0,,value,1735.0,,25.0
PO-0395,M5-R-03,M5,Khuchra,S09,Kg,PAIR-M5-03,value,210.0,,value,280.0,YES,20.0
PO-0396,M5-R-03,M5,Khuchra,S08,,,K,,,K,,,
PO-0397,M5-R-03,M5,Khuchra,S03,,,K,,,K,,,
PO-0398,M5-R-04,M5,Khuchra,S02,Kg,PAIR-M5-02,value,1260.0,,value,1665.0,,15.0
PO-0399,M5-R-04,M5,Khuchra,S10,Kg,,value,175.0,,value,230.0,,20.0
PO-0400,M5-R-04,M5,Khuchra,S03,Kg,,value,845.0,,value,1140.0,YES,10.0
PO-0401,M5-R-04,M5,Khuchra,S08,Kg,,value,260.0,,value,330.0,,15.0
PO-0402,M5-R-04,M5,Khuchra,S09,Kg,,D,,,K,,,15.0
PO-0403,M5-R-04,M5,Khuchra,S05,,,K,,,K,,,
PO-0404,M5-R-04,M5,Khuchra,S06,,,K,,,K,,,
PO-0405,M5-R-05,M5,Khuchra,S06,Maund,,value,341.64,,value,442.12,,14.93
PO-0406,M5-R-05,M5,Khuchra,S01,Maund,,value,1286.17,,value,1768.49,,11.2
PO-0407,M5-R-05,M5,Khuchra,S02,Maund,,value,1259.38,,value,1594.32,,11.2
PO-0408,M5-R-05,M5,Khuchra,S05,Maund,,value,475.62,,value,616.29,,7.46
PO-0409,M6-A-01,M6,Aratdar,S07,Maund,,value,361.74,,value,375.13,YES,406.79
PO-0410,M6-A-01,M6,Aratdar,S10,Maund,,value,160.77,,value,168.81,,182.87
PO-0411,M6-A-01,M6,Aratdar,S01,Maund,,value,1071.81,,value,1125.4,,276.17
PO-0412,M6-A-01,M6,Aratdar,S02,Maund,,value,1105.31,,value,1152.2,,347.08
PO-0413,M6-A-01,M6,Aratdar,S03,,,K,,,K,,,
PO-0414,M6-A-02,M6,Aratdar,S09,Maund,,value,184.89,,value,192.93,,74.64
PO-0415,M6-A-02,M6,Aratdar,S07,Maund,,value,361.74,,value,375.13,YES,55.98
PO-0416,M6-A-02,M6,Aratdar,S04,Maund,,value,629.69,,value,649.79,,67.18
PO-0417,M6-A-02,M6,Aratdar,S06,Maund,,value,321.54,,value,341.64,,70.91
PO-0418,M6-A-02,M6,Aratdar,S02,Maund,,value,1105.31,,value,1152.2,,44.78
PO-0419,M6-A-02,M6,Aratdar,S08,,,K,,,K,,,
PO-0420,M6-A-02,M6,Aratdar,S01,,,K,,,K,,,
PO-0421,M6-A-03,M6,Aratdar,S10,Maund,PAIR-M6-02,value,163.45,,value,168.81,,216.46
PO-0422,M6-A-03,M6,Aratdar,S08,Maund,,value,241.16,,value,251.88,,171.67
PO-0423,M6-A-03,M6,Aratdar,S05,Maund,,value,401.93,,value,422.03,,250.04
PO-0424,M6-A-03,M6,Aratdar,S09,Maund,,value,187.57,,value,195.61,,231.38
PO-0425,M6-A-03,M6,Aratdar,S03,Maund,,value,730.17,,value,763.67,,141.82
PO-0426,M6-A-04,M6,Aratdar,S04,Maund,,value,629.69,,value,656.48,,141.82
PO-0427,M6-A-04,M6,Aratdar,S03,Maund,,value,730.17,,value,770.36,,82.1
PO-0428,M6-A-04,M6,Aratdar,S10,Maund,,value,163.45,,value,168.81,,85.84
PO-0429,M6-A-04,M6,Aratdar,S08,Maund,,value,241.16,,value,251.88,,119.42
PO-0430,M6-A-04,M6,Aratdar,S02,Maund,,value,1085.21,,value,1138.8,,97.03
PO-0431,M6-A-05,M6,Aratdar,S07,Maund,,value,361.74,,D,,,216.46
PO-0432,M6-A-05,M6,Aratdar,S01,Maund,,value,1071.81,,value,1125.4,,279.9
PO-0433,M6-A-05,M6,Aratdar,S06,Maund,,value,321.54,,value,341.64,,190.33
PO-0434,M6-A-05,M6,Aratdar,S09,Maund,PAIR-M6-01,value,187.57,,value,192.93,,287.36
PO-0435,M6-A-05,M6,Aratdar,S05,Maund,,value,401.93,,value,422.03,,253.78
PO-0436,M6-B-01,M6,Bepari_Faria,S08,Maund,,value,243.84,,value,288.05,,11.2
PO-0437,M6-B-01,M6,Bepari_Faria,S10,Maund,,value,163.45,,value,187.57,,18.66
PO-0438,M6-B-01,M6,Bepari_Faria,S04,Maund,,value,636.39,,value,730.17,,18.66
PO-0439,M6-B-01,M6,Bepari_Faria,S02,Maund,,value,1112.0,,value,1319.67,,11.2
PO-0440,M6-B-01,M6,Bepari_Faria,S01,Maund,,value,1071.81,,value,1252.68,,14.93
PO-0441,M6-B-01,M6,Bepari_Faria,S09,,,K,,,K,,,
PO-0442,M6-B-01,M6,Bepari_Faria,S07,,,K,,,K,,,
PO-0443,M6-B-02,M6,Bepari_Faria,S01,Maund,,value,1091.91,,value,1299.57,,22.39
PO-0444,M6-B-02,M6,Bepari_Faria,S03,Maund,,value,750.27,,value,884.24,,11.2
PO-0445,M6-B-02,M6,Bepari_Faria,S05,Maund,,value,408.63,,value,482.32,,11.2
PO-0446,M6-B-02,M6,Bepari_Faria,S04,Maund,,value,629.69,,value,730.17,,22.39
PO-0447,M6-B-02,M6,Bepari_Faria,S09,Maund,,value,184.89,,D,,,18.66
PO-0448,M6-B-03,M6,Bepari_Faria,S02,Maund,,value,1152.2,,value,1326.37,,82.1
PO-0449,M6-B-03,M6,Bepari_Faria,S06,Maund,,value,355.04,,value,375.13,,48.52
PO-0450,M6-B-03,M6,Bepari_Faria,S04,Maund,,value,649.79,,value,723.47,,52.25
PO-0451,M6-B-03,M6,Bepari_Faria,S09,Maund,,value,198.29,,value,225.08,,48.52
PO-0452,M6-B-03,M6,Bepari_Faria,S07,Maund,,value,388.53,,value,422.03,,52.25
PO-0453,M6-B-03,M6,Bepari_Faria,S10,,,K,,,K,,,
PO-0454,M6-B-03,M6,Bepari_Faria,S05,,,K,,,K,,,
PO-0455,M6-B-04,M6,Bepari_Faria,S01,Maund,,value,1078.51,,value,1232.58,,44.78
PO-0456,M6-B-04,M6,Bepari_Faria,S08,Maund,,value,241.16,,value,294.75,,26.12
PO-0457,M6-B-04,M6,Bepari_Faria,S10,Maund,,value,163.45,,value,187.57,,41.05
PO-0458,M6-B-04,M6,Bepari_Faria,S09,Maund,,value,187.57,,value,222.4,,29.86
PO-0459,M6-B-04,M6,Bepari_Faria,S03,Maund,,value,736.87,,value,870.85,,29.86
PO-0460,M6-B-04,M6,Bepari_Faria,S04,,,K,,,K,,,
PO-0461,M6-B-05,M6,Bepari_Faria,S07,Maund,,value,375.13,,value,435.42,,41.05
PO-0462,M6-B-05,M6,Bepari_Faria,S04,Maund,,value,663.18,,value,730.17,,85.84
PO-0463,M6-B-05,M6,Bepari_Faria,S09,Maund,,value,198.29,,value,219.72,,41.05
PO-0464,M6-B-05,M6,Bepari_Faria,S05,Maund,,value,428.72,,value,475.62,,37.32
PO-0465,M6-B-05,M6,Bepari_Faria,S02,Maund,,value,1178.99,,value,1312.97,,63.44
PO-0466,M6-R-01,M6,Khuchra,S10,Kg,,D,,,value,220.0,,20.0
PO-0467,M6-R-01,M6,Khuchra,S02,Kg,,value,1135.0,,value,1595.0,,15.0
PO-0468,M6-R-01,M6,Khuchra,S06,Kg,,value,340.0,,value,450.0,,25.0
PO-0469,M6-R-01,M6,Khuchra,S09,Kg,,value,195.0,,value,260.0,,20.0
PO-0470,M6-R-01,M6,Khuchra,S01,Kg,,value,1130.0,,value,1515.0,,20.0
PO-0471,M6-R-02,M6,Khuchra,S03,Maund,,value,736.87,,value,1058.41,,11.2
PO-0472,M6-R-02,M6,Khuchra,S08,Maund,,value,243.84,YES,value,328.24,,14.93
PO-0473,M6-R-02,M6,Khuchra,S01,Maund,,value,1098.61,,value,1480.44,,7.46
PO-0474,M6-R-02,M6,Khuchra,S04,Maund,,value,636.39,,value,884.24,,14.93
PO-0475,M6-R-02,M6,Khuchra,S10,Maund,,value,163.45,,K,,,11.2
PO-0476,M6-R-02,M6,Khuchra,S06,,,K,,,K,,,
PO-0477,M6-R-02,M6,Khuchra,S09,,,K,,,K,,,
PO-0478,M6-R-03,M6,Khuchra,S01,Kg,,value,1175.0,,value,1475.0,,10.0
PO-0479,M6-R-03,M6,Khuchra,S07,Kg,,value,410.0,,value,510.0,,10.0
PO-0480,M6-R-03,M6,Khuchra,S04,Kg,,value,700.0,,value,875.0,,10.0
PO-0481,M6-R-03,M6,Khuchra,S09,Kg,,value,210.0,,value,260.0,,10.0
PO-0482,M6-R-03,M6,Khuchra,S05,Kg,,value,455.0,,value,565.0,,15.0
PO-0483,M6-R-04,M6,Khuchra,S09,Kg,PAIR-M6-01,value,195.0,,value,255.0,,5.0
PO-0484,M6-R-04,M6,Khuchra,S03,Kg,,value,775.0,,value,1020.0,YES,5.0
PO-0485,M6-R-04,M6,Khuchra,S10,Kg,,value,170.0,,value,230.0,,10.0
PO-0486,M6-R-04,M6,Khuchra,S05,Kg,,value,430.0,,value,570.0,,10.0
PO-0487,M6-R-04,M6,Khuchra,S08,Kg,,value,255.0,,value,325.0,,10.0
PO-0488,M6-R-05,M6,Khuchra,S05,Kg,,value,430.0,,value,580.0,,25.0
PO-0489,M6-R-05,M6,Khuchra,S02,Kg,,value,1140.0,,value,1565.0,,20.0
PO-0490,M6-R-05,M6,Khuchra,S10,Kg,PAIR-M6-02,value,170.0,,value,220.0,,25.0
PO-0491,M6-R-05,M6,Khuchra,S03,Kg,,value,780.0,,value,1020.0,YES,15.0
PO-0492,M6-R-05,M6,Khuchra,S09,Kg,,value,195.0,,value,250.0,YES,20.0
